State,Month,Date,Total Tourists,Tourism Revenue (INR Crore),Domestic_Revenue_Percent,Seasonality_Index,Revenue_Per_Tourist_INR
Andaman & Nicobar Islands,January,2025-01-01,2608013,53.89,90.21320198052446,38.26812059012187,206.6324055900028
Andaman & Nicobar Islands,February,2025-02-01,4232910,101.25,95.8808109252836,159.78191148171905,239.1971480612628
Andaman & Nicobar Islands,March,2025-03-01,248491,5.73,27.353120031650903,-85.29826812059012,230.59185242121447
Andaman & Nicobar Islands,April,2025-04-01,493131,4.92,85.65304176144744,-87.37652341244387,99.77064917841304
Andaman & Nicobar Islands,May,2025-05-01,2510634,15.32,94.57172496403578,-60.69275176395125,61.02044344177606
Andaman & Nicobar Islands,June,2025-06-01,2704227,57.36,76.6068947348682,47.17126363053239,212.11237074402408
Andaman & Nicobar Islands,July,2025-07-01,4286670,29.1,96.11383984231414,-25.336754329698525,67.88486167584628
Andaman & Nicobar Islands,August,2025-08-01,3257802,51.66,82.35533975359265,32.54650416933931,158.57317295526246
Andaman & Nicobar Islands,September,2025-09-01,4329834,62.61,86.11719249328115,60.64143681847337,144.60138656585912
Andaman & Nicobar Islands,October,2025-10-01,4093952,24.32,96.779712042852,-37.60102629890956,59.40470235117559
Andaman & Nicobar Islands,November,2025-11-01,5124435,41.5,87.67473129705667,6.4785118665811385,80.98453780758268
Andaman & Nicobar Islands,December,2025-12-01,1297131,20.04,88.7160422735587,-48.58242463117383,154.49480430272655
Andhra Pradesh,January,2025-01-01,4927357,48.18,94.80616242084182,6.912237878619775,97.78061544962137
Andhra Pradesh,February,2025-02-01,394535,2.26,30.49984467828991,-94.9850216354155,57.282623848327766
Andhra Pradesh,March,2025-03-01,1395393,15.15,95.12413367413306,-66.38189282148008,108.57156371000858
Andhra Pradesh,April,2025-04-01,3192977,38.34,93.90016003921036,-14.922889160102065,120.07602936068756
Andhra Pradesh,May,2025-05-01,2747300,52.79,95.14911303829324,17.14190613558194,192.15229498052636
Andhra Pradesh,June,2025-06-01,5015403,115.93,89.59018288887737,157.25063796738047,231.1479257000883
Andhra Pradesh,July,2025-07-01,3886719,33.24,94.86579307174962,-26.239875735049367,85.5220045493384
Andhra Pradesh,August,2025-08-01,4557489,99.84,92.3152506457512,121.54665483190948,219.0679999447064
Andhra Pradesh,September,2025-09-01,1456141,23.07,92.72106348098492,-48.807278375679566,158.43245949396385
Andhra Pradesh,October,2025-10-01,369162,6.22,35.22797076558563,-86.19771441251525,168.48971454266692
Andhra Pradesh,November,2025-11-01,3985916,81.7,84.22307284794579,81.29368689670477,204.9717053746241
Andhra Pradesh,December,2025-12-01,2040956,24.06,98.23891805437772,-46.610451569954506,117.88593188682168
Arunachal Pradesh,January,2025-01-01,5093607,67.77,89.74968470229354,73.61713029183835,133.04913394378482
Arunachal Pradesh,February,2025-02-01,960827,21.45,55.99191186724306,-45.04814158536325,223.2451835762317
Arunachal Pradesh,March,2025-03-01,748783,14.74,81.63464594493756,-62.238210115070125,196.85275974481257
Arunachal Pradesh,April,2025-04-01,424008,10.19,26.439625340577845,-73.89466493029612,240.325654232939
Arunachal Pradesh,May,2025-05-01,4962575,101.88,93.31185693048472,161.00211353301594,205.29664539074977
Arunachal Pradesh,June,2025-06-01,2952588,48.67,98.87684032252052,24.68563864990074,164.8384400397211
Arunachal Pradesh,July,2025-07-01,4668088,40.16,88.57878882668258,2.884225358126426,86.03094029075714
Arunachal Pradesh,August,2025-08-01,183368,4.12,63.58331780757841,-89.44514421126792,224.6847868766633
Arunachal Pradesh,September,2025-09-01,2327646,52.63,97.28075989907852,34.830597126449064,226.1082656039621
Arunachal Pradesh,October,2025-10-01,2859121,45.91,93.5933377638145,17.614910014730683,160.57382671107658
Arunachal Pradesh,November,2025-11-01,1504746,31.83,89.83527817067421,-18.45605345744113,211.5307168120068
Arunachal Pradesh,December,2025-12-01,1450893,29.06,80.47879926012736,-25.55240067462266,200.29044181755648
Assam,January,2025-01-01,3790856,68.05,81.9563696597129,44.4338321129152,179.51090729903748
Assam,February,2025-02-01,1312352,14.99,60.01327271699133,-68.18423007534756,114.22240374533662
Assam,March,2025-03-01,3771105,28.27,92.91521320420586,-39.99787753369415,74.96476496941878
Assam,April,2025-04-01,1308567,31.87,78.6335942623845,-32.35699883264353,243.5488591719033
Assam,May,2025-05-01,2273604,39.19,79.71047243163704,-16.82054547384061,172.36950673908032
Assam,June,2025-06-01,4276097,100.3,87.37265080672307,112.88337047649368,234.5596931033136
Assam,July,2025-07-01,1743268,21.34,85.37461051752078,-54.7065690332166,122.41376541071138
Assam,August,2025-08-01,2207664,36.96,73.3808980006163,-21.553645335880294,167.41678081447176
Assam,September,2025-09-01,3351823,26.22,80.234495050924,-44.34893346068132,78.22608771405889
Assam,October,2025-10-01,4749379,118.68,94.26482766958502,151.89430117796877,249.8853007940617
Assam,November,2025-11-01,762975,14.58,96.98849355500728,-69.054441260745,191.094072544972
Assam,December,2025-12-01,4258912,64.93,94.29172472692947,37.81173723867134,152.4567776934579
Bihar,January,2025-01-01,4758040,83.0,93.67227503289726,77.69848349687778,174.44157678371766
Bihar,February,2025-02-01,803587,11.74,73.67452293611885,-74.86529884032113,146.09494678236456
Bihar,March,2025-03-01,4701863,54.06,94.41194569988224,15.73951828724353,114.975702184432
Bihar,April,2025-04-01,1478477,18.98,63.70447344028661,-59.36485280999108,128.3753484159713
Bihar,May,2025-05-01,1120663,21.3,55.38885125045052,-54.3978590544157,190.0660591096521
Bihar,June,2025-06-01,3236981,63.84,87.4400536823507,36.67796610169491,197.2208054356822
Bihar,July,2025-07-01,3514773,69.24,89.8689624785346,48.23907225691345,196.99707491778275
Bihar,August,2025-08-01,4760094,101.55,92.91739446718437,117.4130240856378,213.33612319420584
Bihar,September,2025-09-01,3048491,66.98,86.51785182481191,43.40053523639608,219.71526240359572
Bihar,October,2025-10-01,4680778,44.96,92.37222965006086,-3.743086529884035,96.05240838168356
Bihar,November,2025-11-01,1440099,14.74,81.45752850742683,-68.44246208742194,102.35407426850516
Bihar,December,2025-12-01,805712,10.11,87.96216214995586,-78.3550401427297,125.4790793732748
Chandigarh,January,2025-01-01,3928000,96.12,84.31735494415935,103.12764158918006,244.70468431771891
Chandigarh,February,2025-02-01,1750498,29.61,67.77243465479964,-37.42603550295858,169.15186421235558
Chandigarh,March,2025-03-01,4119045,67.58,95.081296421779,42.81487743026205,164.0671563432786
Chandigarh,April,2025-04-01,4546907,67.54,93.07134198390456,42.73034657650043,148.54053535733195
Chandigarh,May,2025-05-01,1010977,13.06,68.7198394972934,-72.40067624683009,129.18196952057266
Chandigarh,June,2025-06-01,4333500,41.47,85.64817017031982,-12.362637362637368,95.69631937233184
Chandigarh,July,2025-07-01,1406518,24.15,70.86736805843017,-48.96449704142013,171.7006110124435
Chandigarh,August,2025-08-01,442742,9.59,52.23791459438931,-79.7337278106509,216.60470431989737
Chandigarh,September,2025-09-01,4157544,68.17,87.22073687841187,44.06170752324599,163.9669958995022
Chandigarh,October,2025-10-01,4737003,106.0,93.56461454169998,124.00676246830092,223.77017705076395
Chandigarh,November,2025-11-01,1293235,25.56,72.18340175784392,-45.98478444632291,197.6438930279493
Chandigarh,December,2025-12-01,3691666,18.99,96.03144984015417,-59.86897717666949,51.44018987633225
Chhattisgarh,January,2025-01-01,3903587,32.73,89.31368762561242,-3.735294117647068,83.84596013871342
Chhattisgarh,February,2025-02-01,1724377,11.69,88.4404464674434,-65.61764705882354,67.7925998781009
Chhattisgarh,March,2025-03-01,2336665,27.39,80.39042480964235,-19.44117647058824,117.21834323704938
Chhattisgarh,April,2025-04-01,1055380,20.62,63.52813145104281,-39.35294117647059,195.3798631772442
Chhattisgarh,May,2025-05-01,2818003,41.51,78.17494811635586,22.08823529411764,147.30289499336942
Chhattisgarh,June,2025-06-01,2359822,25.99,85.76036590766465,-23.558823529411768,110.13542546853108
Chhattisgarh,July,2025-07-01,4633498,109.52,88.51738888266509,222.11764705882356,236.36570038446115
Chhattisgarh,August,2025-08-01,3067908,20.63,86.17058975961287,-39.32352941176471,67.24451971832272
Chhattisgarh,September,2025-09-01,2304836,27.29,85.01660226277558,-19.73529411764706,118.40321827670168
Chhattisgarh,October,2025-10-01,2498589,15.75,84.96094616902458,-53.67647058823529,63.03557727981673
Chhattisgarh,November,2025-11-01,4644288,57.67,99.17053272794462,69.61764705882354,124.17403916380724
Chhattisgarh,December,2025-12-01,1970838,17.21,96.72568802571698,-49.382352941176464,87.32326046077861
Daman & Diu,January,2025-01-01,2706957,32.42,84.13742083372797,-13.502456811259076,119.76547835817118
Daman & Diu,February,2025-02-01,4945036,27.19,90.86328895753768,-27.456255419436594,54.98443287369394
Daman & Diu,March,2025-03-01,3602948,76.62,88.7140607283469,104.4244836249639,212.6591890862705
Daman & Diu,April,2025-04-01,939610,11.57,85.7025445928471,-69.13088912110635,123.13619480422727
Daman & Diu,May,2025-05-01,3575219,30.29,82.48032887769587,-19.18536140694132,84.72208275912608
Daman & Diu,June,2025-06-01,3818894,26.66,82.40974596507562,-28.870311492540623,69.810788149658
Daman & Diu,July,2025-07-01,1624908,34.55,76.01733423981759,-7.819552215576849,212.6274225986948
Daman & Diu,August,2025-08-01,2734978,33.51,92.0561134895946,-10.59430375525268,122.52383748607848
Daman & Diu,September,2025-09-01,3558982,26.04,89.2479579081478,-30.52449029503968,73.16698988643381
Daman & Diu,October,2025-10-01,2005750,48.23,81.63696612539056,28.67910265246682,240.45868129128752
Daman & Diu,November,2025-11-01,3228098,33.78,86.22698103259864,-9.8739355670676,104.64366323451146
Daman & Diu,December,2025-12-01,3503727,68.91,84.25377839697047,83.85396980679015,196.67628214184492
Delhi,January,2025-01-01,3107515,69.84,91.34876896327384,38.19213138541701,224.7454959992148
Delhi,February,2025-02-01,2708758,47.07,81.26826308810355,-6.862777429673845,173.76967599172758
Delhi,March,2025-03-01,2806293,32.09,97.98218230759646,-36.503644098539056,114.35014091543545
Delhi,April,2025-04-01,4741046,31.69,93.73766632929257,-37.2951225142631,66.8417897653809
Delhi,May,2025-05-01,1123570,9.72,63.83963696675764,-80.76707449790588,86.50996377617771
Delhi,June,2025-06-01,4378343,73.05,96.84187805102124,44.54374567160241,166.84394073282974
Delhi,July,2025-07-01,3621564,49.11,95.992072419519,-2.8262375094812544,135.6043963326342
Delhi,August,2025-08-01,3412693,20.43,95.14987777843348,-59.57523991689476,59.86474611106244
Delhi,September,2025-09-01,4289205,48.87,85.76405765881935,-3.301124558915681,113.93719815210513
Delhi,October,2025-10-01,4292842,105.44,86.31081742914053,108.63371038485636,245.6181708993716
Delhi,November,2025-11-01,5046641,92.64,86.86097278573514,83.30640108168717,183.56764430043663
Delhi,December,2025-12-01,3329299,26.51,85.12965755652795,-47.54476799788939,79.62637179778687
Goa,January,2025-01-01,3382372,60.65,89.02429528427793,54.59778660492386,179.31203309393527
Goa,February,2025-02-01,390844,9.76,23.60712447730633,-75.12160927841622,249.71599922219607
Goa,March,2025-03-01,778204,16.14,61.825245140297646,-58.85889075344648,207.4006301689531
Goa,April,2025-04-01,4243756,72.35,85.18854902190783,84.42126728551096,170.4857677962635
Goa,May,2025-05-01,4269079,49.22,92.8387370347408,25.462540093888748,115.29418874656572
Goa,June,2025-06-01,1907220,41.48,86.05328304274936,5.733160566731103,217.48933001960967
Goa,July,2025-07-01,3287664,61.66,90.55555885281404,57.17229220213693,187.54957927574108
Goa,August,2025-08-01,4110239,28.24,92.21404124495434,-28.015803895745268,68.70646694754247
Goa,September,2025-09-01,1102486,15.93,58.12379844334252,-59.39418399643137,144.49163073272587
Goa,October,2025-10-01,1057889,18.83,77.03545760775583,-52.00203921235422,177.99599012750863
Goa,November,2025-11-01,3170529,49.76,90.56486981722009,26.839008432992763,156.945418256701
Goa,December,2025-12-01,2264112,46.75,89.63830529132083,19.16647195020924,206.4827181694192
Gujarat,January,2025-01-01,908390,13.0,52.12646382912368,-61.6575726294057,143.11033807065246
Gujarat,February,2025-02-01,529095,11.66,67.69577558379662,-65.60979206606696,220.37630293236563
Gujarat,March,2025-03-01,2624442,48.94,90.49529952729868,44.34449196283733,186.47773507663723
Gujarat,April,2025-04-01,3696233,37.76,98.62979072524804,11.370004424126224,102.15806200529023
Gujarat,May,2025-05-01,4995635,29.59,95.39586831787588,-12.726736469547268,59.23170928220336
Gujarat,June,2025-06-01,3651761,31.91,89.54583803266723,-5.884087892641206,87.3824984712855
Gujarat,July,2025-07-01,1615156,29.67,85.3955522868448,-12.490783070343603,183.69742613097435
Gujarat,August,2025-08-01,2659260,47.98,79.47870154546709,41.51305117239344,180.4261335860352
Gujarat,September,2025-09-01,3468793,45.26,96.15857564585563,33.490635599469094,130.4776618264624
Gujarat,October,2025-10-01,4450202,40.58,95.9783847113414,19.687361746055146,91.18687196671073
Gujarat,November,2025-11-01,3006575,68.38,94.30756592563348,101.68116796932604,227.43487190573995
Gujarat,December,2025-12-01,384357,2.13,33.3648293553337,-93.71774074620262,55.41722929464014
Haryana,January,2025-01-01,3094642,33.13,88.78666650487347,-37.17942640436122,107.0560019543456
Haryana,February,2025-02-01,2176328,36.42,73.21626394075933,-30.94098127518369,167.34609856602498
Haryana,March,2025-03-01,794615,7.13,82.314736991475,-86.48020858023227,89.72898825217244
Haryana,April,2025-04-01,3328395,36.75,89.30965955961541,-30.315240578336105,110.41357771538534
Haryana,May,2025-05-01,2541844,63.21,96.91699759685687,19.857786205261903,248.6777315995789
Haryana,June,2025-06-01,3070637,40.85,80.29343483612415,-22.540886465987203,133.03428571986854
Haryana,July,2025-07-01,3513757,71.54,99.27010232945705,35.65299834083906,203.59973669209344
Haryana,August,2025-08-01,4212392,99.39,94.44742354400712,88.46172078691632,235.94670201633656
Haryana,September,2025-09-01,3794666,93.74,97.38721905525678,77.74828158331356,247.03096398997965
Haryana,October,2025-10-01,1414379,16.87,60.42837752509558,-68.01137710357905,119.27496095459564
Haryana,November,2025-11-01,2483857,42.29,88.91790718337522,-19.810381607015888,170.25939899116577
Haryana,December,2025-12-01,3778983,91.53,91.64168353911394,73.55771509836453,242.20802263466123
Himachal Pradesh,January,2025-01-01,117032,2.79,54.25383229398789,-91.84846123880016,238.39633604484243
Himachal Pradesh,February,2025-02-01,1332566,21.47,64.72437398865752,-37.27113361901052,161.11772324973023
Himachal Pradesh,March,2025-03-01,4000707,40.2,97.2055263975121,17.45227892481497,100.48223976412169
Himachal Pradesh,April,2025-04-01,2039866,47.65,97.36170883460416,39.21893260615504,233.59377527739568
Himachal Pradesh,May,2025-05-01,2295395,12.4,74.30195929342908,-63.77093883911181,54.021203322304
Himachal Pradesh,June,2025-06-01,2016823,28.36,74.61437888556551,-17.140631086871835,140.61719843536096
Himachal Pradesh,July,2025-07-01,1239502,23.71,84.80113626210083,-30.726529022204907,191.28650054618709
Himachal Pradesh,August,2025-08-01,1797120,34.21,69.9466652184295,-0.0486949746786104,190.36013176638176
Himachal Pradesh,September,2025-09-01,4446751,88.54,97.0192811458364,158.6871834826646,199.11166602312568
Himachal Pradesh,October,2025-10-01,3000376,48.78,95.7170949743738,42.52045188936502,162.579623353873
Himachal Pradesh,November,2025-11-01,3446431,41.54,97.99668648469292,21.367354888975456,120.53048501478776
Himachal Pradesh,December,2025-12-01,1274304,21.07,91.0404867575677,-38.43981301129723,165.34516096630003
Jammu & Kashmir,January,2025-01-01,2260578,44.98,99.04344171252922,33.7562571244486,198.9756602072567
Jammu & Kashmir,February,2025-02-01,1202101,11.24,93.34759691343926,-66.57580413341924,93.50295857003697
Jammu & Kashmir,March,2025-03-01,4085832,55.13,89.8160662773557,63.9391386231848,134.92967894910998
Jammu & Kashmir,April,2025-04-01,3368374,21.9,95.17186186042692,-34.87634435248056,65.01653319969813
Jammu & Kashmir,May,2025-05-01,3095833,73.66,84.16790375082017,119.04148287654256,237.9327308675888
Jammu & Kashmir,June,2025-06-01,3060318,44.51,85.25547856802613,32.35862615849728,145.4424017373358
Jammu & Kashmir,July,2025-07-01,317148,2.73,45.12475694289829,-91.88184566585716,86.07968519429414
Jammu & Kashmir,August,2025-08-01,556280,11.53,31.53206728730033,-65.71343609059821,207.2697202847487
Jammu & Kashmir,September,2025-09-01,4053410,60.64,89.69574099308385,80.32413143678444,149.6024335066031
Jammu & Kashmir,October,2025-10-01,1166058,16.6,59.34948008600951,-50.63686375576151,142.35998552387616
Jammu & Kashmir,November,2025-11-01,2598499,30.66,86.31405552313235,-8.826882093472776,117.9911941470826
Jammu & Kashmir,December,2025-12-01,3198523,29.96,86.60529347957228,-10.908460127868372,93.66823374413752
Jharkhand,January,2025-01-01,1577484,25.01,74.60620485866278,-22.194280973738117,158.54360487966918
Jharkhand,February,2025-02-01,1274427,20.58,68.08840311898658,-35.97594172089287,161.48433766704565
Jharkhand,March,2025-03-01,2098556,33.47,76.27262717066306,4.124646773649946,159.49062116998545
Jharkhand,April,2025-04-01,2189057,34.27,76.80137440913877,6.613434267492803,156.5514283090847
Jharkhand,May,2025-05-01,1565824,37.7,84.76937401923571,17.284110647343994,240.76780021253984
Jharkhand,June,2025-06-01,1571414,17.16,70.36043557725667,-46.61550825707101,109.20101259120766
Jharkhand,July,2025-07-01,943313,10.69,77.57834800544263,-66.74357711352502,113.32399744305442
Jharkhand,August,2025-08-01,4827630,33.23,96.60815419756564,3.378010525497087,68.8329470154092
Jharkhand,September,2025-09-01,1771282,33.57,80.38325569928901,4.435745210380306,189.52374607769968
Jharkhand,October,2025-10-01,1790621,42.67,69.66391115168217,32.745702952842656,238.2972164405533
Jharkhand,November,2025-11-01,4665118,67.79,92.7501787320333,110.89363025950792,145.3125087082471
Jharkhand,December,2025-12-01,3469993,29.59,90.07733543380849,-7.94597257148784,85.27394723851027
Karnataka,January,2025-01-01,4341969,37.81,90.15970733476252,0.7326495271080287,87.0803084959842
Karnataka,February,2025-02-01,518336,3.46,52.5449170623328,-90.78193685893169,66.75206815656254
Karnataka,March,2025-03-01,3813912,63.39,87.65647112118641,68.8823764486479,166.2072958159496
Karnataka,April,2025-04-01,1194270,8.14,70.03310613437196,-78.31357399760223,68.15879156304688
Karnataka,May,2025-05-01,3880809,48.53,88.03831510909794,29.292660183828417,125.0512457582942
Karnataka,June,2025-06-01,795988,11.92,62.38267922898147,-68.24297322499001,149.75100127137594
Karnataka,July,2025-07-01,662542,13.85,49.675908611678565,-63.1011056347409,209.0433512139608
Karnataka,August,2025-08-01,4233124,97.18,87.97320845974433,158.9050219794858,229.5704071035954
Karnataka,September,2025-09-01,2979957,72.46,85.17276440041361,93.04648994272009,243.15787106995165
Karnataka,October,2025-10-01,2818494,68.78,86.866868557377,83.24230717996535,244.03103217533905
Karnataka,November,2025-11-01,915361,15.57,92.61998255924954,-58.5187158651925,170.09682518700274
Karnataka,December,2025-12-01,697376,9.33,52.97159877221007,-75.1431996802984,133.78722525581608
Kerala,January,2025-01-01,2314306,16.73,97.75675270369412,-49.58312405826217,72.28948980817576
Kerala,February,2025-02-01,100388,0.82,55.178775715334304,-97.52887995981918,81.68306968960432
Kerala,March,2025-03-01,1461326,13.09,65.41573561020458,-60.5524861878453,89.57617944250633
Kerala,April,2025-04-01,4070021,101.74,91.69033118966468,206.5996986438976,249.97414018256907
Kerala,May,2025-05-01,2754791,24.09,87.22833409756848,-27.403314917127062,87.44765029361574
Kerala,June,2025-06-01,3510856,40.14,80.93819930003782,20.964339527875453,114.33109190465233
Kerala,July,2025-07-01,2237859,19.59,71.86967825735604,-40.96433952787543,87.53902725774948
Kerala,August,2025-08-01,2151794,41.58,82.92662764669365,25.30386740331492,193.23411070018784
Kerala,September,2025-09-01,863148,13.47,94.15203901003832,-59.40733299849322,156.05666699106064
Kerala,October,2025-10-01,1160571,13.11,69.49762331483952,-60.492214967353085,112.96163698731056
Kerala,November,2025-11-01,4133487,77.45,88.39948959521242,133.4003013561025,187.37206624818225
Kerala,December,2025-12-01,2756578,36.39,85.14614921416349,9.663485685585146,132.0115012163632
Ladakh,January,2025-01-01,3695053,38.91,94.84231369507658,7.441667817202818,105.30295505910198
Ladakh,February,2025-02-01,5023923,93.64,96.70743833484174,158.56689217175207,186.38820698486023
Ladakh,March,2025-03-01,364165,3.52,57.966466286715686,-90.28027060610243,96.65948127909051
Ladakh,April,2025-04-01,151534,2.54,23.559209877933743,-92.98633163053984,167.61914817796665
Ladakh,May,2025-05-01,1099352,10.7,80.48571401948695,-70.45423167195914,97.33006352833306
Ladakh,June,2025-06-01,3371239,30.78,99.73522379125544,-15.00759353858897,91.3017439582302
Ladakh,July,2025-07-01,4288786,40.18,84.80471644730224,10.94850200193291,93.68618532144062
Ladakh,August,2025-08-01,804661,11.71,72.88759829988109,-67.66533204473284,145.52712260194048
Ladakh,September,2025-09-01,1059207,19.09,92.41289412669752,-47.287035758663535,180.2291714461857
Ladakh,October,2025-10-01,2349183,28.19,85.43036162851321,-22.15932624603064,119.99916566738308
Ladakh,November,2025-11-01,4922225,56.65,96.01824530726132,56.42689493303881,115.09022850438572
Ladakh,December,2025-12-01,3966825,98.67,87.1696483129218,172.4561645726909,248.7379705431926
Lakshadweep,January,2025-01-01,2648660,34.52,85.43999192829637,-5.66372890619662,130.33005368752504
Lakshadweep,February,2025-02-01,1615175,22.84,83.57141500036643,-37.58283801325408,141.40882566904514
Lakshadweep,March,2025-03-01,1800784,24.69,67.3155835200466,-32.52715720434515,137.10694897333605
Lakshadweep,April,2025-04-01,4898171,93.76,93.47897339985956,156.22736899637903,191.41838861893552
Lakshadweep,May,2025-05-01,1222579,12.54,77.87926503456237,-65.73068251690921,102.57005886736152
Lakshadweep,June,2025-06-01,1166294,11.81,60.3284241567146,-67.72562683610029,101.260917058649
Lakshadweep,July,2025-07-01,3933669,35.27,90.69298679973345,-3.614128578260567,89.66183987519032
Lakshadweep,August,2025-08-01,2620436,47.82,80.39324185943259,30.6825169092027,182.48871561831692
Lakshadweep,September,2025-09-01,1999380,31.24,83.86272554781236,-14.6273143403703,156.2484370154748
Lakshadweep,October,2025-10-01,3821025,41.68,92.1000157816509,13.903122224499551,109.08067861372275
Lakshadweep,November,2025-11-01,3279312,38.69,86.93253567130824,5.732048917127817,117.98206453060888
Lakshadweep,December,2025-12-01,3951146,44.25,82.7634780155848,20.926419348227093,111.99282436032485
Madhya Pradesh,January,2025-01-01,388025,4.22,40.39660541110581,-88.7663878968034,108.75587913149926
Madhya Pradesh,February,2025-02-01,3209585,78.65,93.67171893590432,109.3657800749795,245.0472568883516
Madhya Pradesh,March,2025-03-01,5095474,65.07,87.56863722105562,73.2159098471572,127.70156417244009
Madhya Pradesh,April,2025-04-01,4281332,51.56,89.91090529777432,37.25237915659178,120.4298101618842
Madhya Pradesh,May,2025-05-01,696352,5.29,39.42165513858383,-85.9180549701635,75.96732686916961
Madhya Pradesh,June,2025-06-01,1755286,11.76,91.50511434192052,-68.69495774085495,66.99762887643381
Madhya Pradesh,July,2025-07-01,1614868,35.89,71.10389799367117,-4.4610572550411405,222.2472672689037
Madhya Pradesh,August,2025-08-01,2617393,61.15,99.28376240581048,62.780895760775536,233.62941675170677
Madhya Pradesh,September,2025-09-01,593991,12.96,55.65938196319556,-65.50056567359523,218.18512401703055
Madhya Pradesh,October,2025-10-01,4072549,59.11,88.67325164757463,57.35042924643405,145.1425139390588
Madhya Pradesh,November,2025-11-01,2659295,41.41,91.49101255274904,10.23314625435347,155.7179628435356
Madhya Pradesh,December,2025-12-01,1054066,23.72,76.87521858664816,-36.85751680383327,225.0333470579641
Maharashtra,January,2025-01-01,922622,7.5,67.42682749028981,-84.16273667910184,81.29006245244531
Maharashtra,February,2025-02-01,4866954,111.29,89.56842816580455,135.00387133103405,228.6645815842928
Maharashtra,March,2025-03-01,479521,9.44,39.43224846043801,-80.06616456676286,196.8631196548222
Maharashtra,April,2025-04-01,4190324,98.0,91.53569655774773,106.9402407264025,233.87213017418225
Maharashtra,May,2025-05-01,2348643,31.88,82.58360836327938,-32.6810727106356,135.73795591752344
Maharashtra,June,2025-06-01,884746,15.06,48.95836239947764,-68.1987752516365,170.21834515216796
Maharashtra,July,2025-07-01,3048305,66.64,83.70284538775584,40.719363693953696,218.6132949294772
Maharashtra,August,2025-08-01,4613301,74.06,92.83395759915184,56.387696206095605,160.53580722350438
Maharashtra,September,2025-09-01,886346,12.48,73.45308984449123,-73.64679383402549,140.8028016147193
Maharashtra,October,2025-10-01,2744187,20.65,80.7976123969203,-56.39473498979376,75.24997385382264
Maharashtra,November,2025-11-01,3603345,83.33,85.00008866767945,75.96255367072571,231.257345605264
Maharashtra,December,2025-12-01,2174304,37.95,71.44788212749378,-19.863447596255355,174.53861097620205
Manipur,January,2025-01-01,3159922,56.22,79.46818838247728,68.22681594893149,177.91578399719992
Manipur,February,2025-02-01,804009,16.09,51.51466223435831,-51.853976011769696,200.12213793626688
Manipur,March,2025-03-01,619416,13.78,43.980715673196194,-58.766177093983,222.467614656386
Manipur,April,2025-04-01,3261248,19.36,92.06248320204494,-42.06917188240282,59.36377730243146
Manipur,May,2025-05-01,510457,12.09,60.50550395976263,-63.82315537490961,236.84659040820284
Manipur,June,2025-06-01,1174555,17.86,58.42983346878411,-46.55761414358028,152.0575877672821
Manipur,July,2025-07-01,4783488,44.49,85.34562402345003,33.1271974665237,93.0074456129084
Manipur,August,2025-08-01,2574601,23.2,87.86479818442953,-30.578759693788506,90.1110502171016
Manipur,September,2025-09-01,3342186,75.47,82.54314962628273,125.82849163404232,225.81029302378744
Manipur,October,2025-10-01,1113502,21.36,67.00005947006764,-36.08458220083286,191.82722617471725
Manipur,November,2025-11-01,3825583,73.29,87.38423824975783,119.3052888811311,191.57864304604036
Manipur,December,2025-12-01,1769687,27.82,98.7099994627796,-16.7543575293619,157.20294040697593
Meghalaya,January,2025-01-01,1046535,8.19,63.079963241644734,-76.75496688741723,78.25825223236681
Meghalaya,February,2025-02-01,1053497,7.04,57.170774263341926,-80.01892147587513,66.82505977710426
Meghalaya,March,2025-03-01,4022118,73.2,90.50837500398347,107.7578051087985,181.99366602372183
Meghalaya,April,2025-04-01,2499420,20.8,74.67915278249092,-40.96499526963103,83.21930687919597
Meghalaya,May,2025-05-01,1391238,19.82,82.59432718255232,-43.746452223273415,142.46304370639675
Meghalaya,June,2025-06-01,3630353,42.72,95.04231741134986,21.2488174077578,117.67450713470564
Meghalaya,July,2025-07-01,2640569,44.74,96.77244598632558,26.98202459791864,169.43317898528687
Meghalaya,August,2025-08-01,4660593,47.67,97.54623606589004,35.29801324503312,102.28312148260962
Meghalaya,September,2025-09-01,1412098,30.89,68.54181118117548,-12.327341532639547,218.7525228418991
Meghalaya,October,2025-10-01,2556044,53.98,93.97649590209862,53.20719016083253,211.1857229374768
Meghalaya,November,2025-11-01,4586301,68.42,97.42413852311772,94.19110690633867,149.18340510140962
Meghalaya,December,2025-12-01,963656,5.33,95.41433236571112,-84.87228003784296,55.3101936790722
Mizoram,January,2025-01-01,1334640,22.03,73.46277151831806,-42.4966828355774,165.0632380267338
Mizoram,February,2025-02-01,567431,6.25,54.956769542978975,-83.68607661018423,110.14555073656533
Mizoram,March,2025-03-01,4038999,41.81,93.25853472775611,9.133621908511518,103.51574734234892
Mizoram,April,2025-04-01,401677,8.36,34.45716397733774,-78.17849607378244,208.12742576746987
Mizoram,May,2025-05-01,3086598,38.51,94.82468154066244,0.5198703586887865,124.76519456048376
Mizoram,June,2025-06-01,3632553,40.13,87.02961904314589,4.748439301329044,110.47326769905354
Mizoram,July,2025-07-01,4324984,64.6,86.12299061463406,68.62071215713569,149.3647144128163
Mizoram,August,2025-08-01,2249005,32.35,88.3853369648605,-15.55913253431362,143.84138763586563
Mizoram,September,2025-09-01,954828,18.29,75.90387910582102,-52.25893459204316,191.55282417356844
Mizoram,October,2025-10-01,880851,6.7,89.34713826554649,-82.5114741261175,76.06280744416479
Mizoram,November,2025-11-01,4931575,114.3,85.79464812728659,198.3490309529506,231.77179704252697
Mizoram,December,2025-12-01,3924102,66.4,89.00001169057388,73.31912209340265,169.21068820331377
Nagaland,January,2025-01-01,1344052,32.59,94.00943664373828,-10.19564618352162,242.4757375458688
Nagaland,February,2025-02-01,1325787,26.29,75.16788780840811,-27.55580049600441,198.29731321848837
Nagaland,March,2025-03-01,4217776,42.83,95.73812067582502,18.02149352438688,101.546407395746
Nagaland,April,2025-04-01,3668964,29.71,92.58476195918333,-18.131716726370897,80.97653724593646
Nagaland,May,2025-05-01,640391,9.45,86.1509032110907,-73.95976853127584,147.5660963380185
Nagaland,June,2025-06-01,3165277,75.63,85.98985615462934,108.40451915128132,238.9364343152274
Nagaland,July,2025-07-01,3190384,77.32,86.87362381484178,113.06144943510608,242.3532715811012
Nagaland,August,2025-08-01,372796,2.12,28.56358345152899,-94.15817029484708,56.86756295668408
Nagaland,September,2025-09-01,2493998,33.8,83.35234623672592,-6.861394323505103,135.52536930663135
Nagaland,October,2025-10-01,4047689,81.9,83.42746237128156,125.68200606227612,202.3376795993961
Nagaland,November,2025-11-01,808940,14.13,61.53275805505397,-61.06365389914576,174.67302890201992
Nagaland,December,2025-12-01,594516,9.71,35.994178744721864,-73.24331771837971,163.32613419992063
Odisha,January,2025-01-01,5164564,46.61,87.42704662281982,-7.637432501610062,90.2496319147173
Odisha,February,2025-02-01,1375812,10.75,68.42704370487974,-78.69775583334709,78.13567551380567
Odisha,March,2025-03-01,1949948,43.21,85.42698900295767,-14.374886470597955,221.5956528071518
Odisha,April,2025-04-01,3317806,72.07,93.25972725956358,42.81420810145811,217.22186288167535
Odisha,May,2025-05-01,3836866,47.63,96.8143735303493,-5.616196310913687,124.13777285941184
Odisha,June,2025-06-01,4764179,114.92,87.21327845429829,127.72594415179086,241.21679726979195
Odisha,July,2025-07-01,1885368,21.15,91.80145483109354,-58.08907310467825,112.179691179653
Odisha,August,2025-08-01,4394149,43.3,95.23172634652448,-14.196542100830635,98.54012688236106
Odisha,September,2025-09-01,4448201,45.87,92.54100883103872,-9.103819541919195,103.12034011053008
Odisha,October,2025-10-01,4200812,30.18,97.33799304309689,-40.19518800468981,71.84325316153162
Odisha,November,2025-11-01,4005418,85.84,98.25542358903652,70.1008966758591,214.30971748766297
Odisha,December,2025-12-01,2247345,44.04,99.52822763903208,-12.7301550605215,195.96457152773607
Puducherry,January,2025-01-01,4056432,48.16,92.7387597300368,11.526660105366757,118.72502731464498
Puducherry,February,2025-02-01,580625,4.65,51.54954656643727,-89.23174897238465,80.08611410118407
Puducherry,March,2025-03-01,508107,5.65,42.28508539882176,-86.91599606322006,111.1970510148453
Puducherry,April,2025-04-01,4512165,45.19,86.65856910501002,4.64887396514792,100.15147938960564
Puducherry,May,2025-05-01,5102740,109.5,87.60442166979396,153.57494355352284,214.5905925052031
Puducherry,June,2025-06-01,4576970,103.01,95.77338449118304,138.54570717304466,225.0615581924286
Puducherry,July,2025-07-01,3540228,73.82,90.19964994263412,70.94887975453018,208.51764349640757
Puducherry,August,2025-08-01,951064,10.49,50.99195239798857,-75.70775198286343,110.29751940983992
Puducherry,September,2025-09-01,1886854,15.62,86.25450984679593,-63.82793955884908,82.78329960876677
Puducherry,October,2025-10-01,895158,20.7,91.07075293227392,-52.06391478029294,231.24409322153184
Puducherry,November,2025-11-01,3478848,60.38,81.44507346023516,39.82516065535809,173.56320253141268
Puducherry,December,2025-12-01,1024993,21.02,62.34777847944406,-51.32287384936027,205.07457124097436
Punjab,January,2025-01-01,477420,5.94,45.187432927506194,-77.64115432873274,124.41875078547191
Punjab,February,2025-02-01,1146610,15.32,94.48916595041656,-42.33375156838143,133.61125404453128
Punjab,March,2025-03-01,2555780,57.37,97.40541054847093,115.94730238393976,224.47158988645344
Punjab,April,2025-04-01,799134,5.95,72.15183356994216,-77.60351317440401,74.4555981850353
Punjab,May,2025-05-01,2411987,35.59,75.67146265497932,33.964868255959864,147.55469245895603
Punjab,June,2025-06-01,922677,12.98,62.61349580332646,-51.14178168130488,140.6776152434709
Punjab,July,2025-07-01,2290468,43.45,92.69441516777935,63.5508155583438,189.69922304088072
Punjab,August,2025-08-01,3977770,25.99,98.28322772048725,-2.1706398996235934,65.3381165829095
Punjab,September,2025-09-01,2843670,21.42,88.1017008322404,-19.37264742785445,75.32519596155673
Punjab,October,2025-10-01,1865784,33.59,95.77585544739853,26.436637390213317,180.03155777946432
Punjab,November,2025-11-01,2287781,34.97,91.84850344002577,31.631116687578416,152.8555399314882
Punjab,December,2025-12-01,1490844,26.23,67.2795686352517,-1.267252195734,175.94060813874555
Rajasthan,January,2025-01-01,2149644,32.38,91.30170094117932,-27.139080050254076,150.6295926209177
Rajasthan,February,2025-02-01,2138395,17.54,95.26348382184932,-60.53179320819817,82.02413492362263
Rajasthan,March,2025-03-01,4880777,100.89,97.75329650197432,127.02094545181797,206.70889081799885
Rajasthan,April,2025-04-01,1545671,21.56,89.06604677902725,-51.48605824223218,139.48634605941368
Rajasthan,May,2025-05-01,3148519,69.9,81.10320188658312,57.28777963209512,222.00914144078533
Rajasthan,June,2025-06-01,3042618,70.52,81.22679823721668,58.68289298505504,231.7740840289514
Rajasthan,July,2025-07-01,3961266,38.16,90.30576617814398,-14.133023308143787,96.33283904691076
Rajasthan,August,2025-08-01,779707,15.23,92.23730172917764,-65.72971553938757,195.3297841368617
Rajasthan,September,2025-09-01,4782550,70.6,95.92871377364268,58.86290761124341,147.61999351810226
Rajasthan,October,2025-10-01,1022076,18.41,77.44217030142082,-58.57413414839956,180.1235915920147
Rajasthan,November,2025-11-01,1704040,10.2,78.08863821713337,-77.04813516098183,59.85774981807939
Rajasthan,December,2025-12-01,2853648,67.9,90.82117848216092,52.78741397738569,237.94104949173828
Sikkim,January,2025-01-01,901300,19.37,78.63204224695987,-44.63473310625729,214.91179407522463
Sikkim,February,2025-02-01,2061451,49.88,73.88413684634276,42.5719934259105,241.9654893567686
Sikkim,March,2025-03-01,3170804,75.19,80.81692681916624,114.9155610604292,237.13228569157852
Sikkim,April,2025-04-01,770379,9.34,82.02856947116491,-73.3034799799919,121.23902650513578
Sikkim,May,2025-05-01,1721845,17.42,89.99549830729909,-50.208417692875685,101.17054671006974
Sikkim,June,2025-06-01,3381532,70.97,93.5849361469025,102.8535359550294,209.8752872958174
Sikkim,July,2025-07-01,2852019,40.9,92.2906917049714,16.904461329585786,143.40717926493477
Sikkim,August,2025-08-01,3382718,52.62,93.75992587925396,50.403734845056334,155.55538475273434
Sikkim,September,2025-09-01,714153,14.77,46.4005198337336,-57.78291213110068,206.81842686371127
Sikkim,October,2025-10-01,258003,4.88,30.23056427085297,-86.05149703451397,189.14508746022327
Sikkim,November,2025-11-01,1653705,12.03,98.00456270140516,-65.61465355024653,72.74574364835324
Sikkim,December,2025-12-01,3308383,52.46,81.93439750272871,49.946406878974834,158.56688902101118
Tamil Nadu,January,2025-01-01,3533840,69.37,90.26021922585802,32.08720764177588,196.30203970751364
Tamil Nadu,February,2025-02-01,3589883,82.14,99.85708462087494,56.40252610199612,228.80968544100185
Tamil Nadu,March,2025-03-01,3610651,38.15,82.20471651042644,-27.358700136460296,105.65961650682938
Tamil Nadu,April,2025-04-01,4363986,66.57,89.99243765302731,26.755736092158276,152.54402740980376
Tamil Nadu,May,2025-05-01,394987,2.42,24.854626592257283,-95.3920853035448,61.26783919470768
Tamil Nadu,June,2025-06-01,4564263,35.3,89.18623135536303,-32.7853765351782,77.33997799863856
Tamil Nadu,July,2025-07-01,4142726,103.54,83.67777703164022,97.1502015169306,249.9320495731555
Tamil Nadu,August,2025-08-01,3397478,56.64,94.9490944844429,7.848053060835889,166.71189629483987
Tamil Nadu,September,2025-09-01,3512579,62.82,81.78282322046306,19.61537240963472,178.8429527136614
Tamil Nadu,October,2025-10-01,1365469,8.96,74.50030058666223,-82.9392910412237,65.61847980437491
Tamil Nadu,November,2025-11-01,5037776,99.35,87.82919076406132,89.17203516232424,197.2100387154967
Tamil Nadu,December,2025-12-01,630060,4.96,95.2384013321212,-90.55567896924885,78.72266133384122
Telangana,January,2025-01-01,4550867,112.52,98.60706184419271,251.61584333741308,247.2495900231758
Telangana,February,2025-02-01,3983737,87.36,84.6432815300658,172.99289081013515,219.291584760741
Telangana,March,2025-03-01,2310773,48.99,96.85159277411132,53.08976328741441,212.00697775160089
Telangana,April,2025-04-01,4264319,23.95,87.07199341321447,-25.15819900523424,56.16371570700972
Telangana,May,2025-05-01,4184142,31.46,99.23749016208323,-1.6900601546834668,75.18865277516872
Telangana,June,2025-06-01,335201,7.4,30.095753603710367,-76.87560219785944,220.7630645493301
Telangana,July,2025-07-01,134389,3.11,17.18794495211082,-90.28150308585714,231.41774996465483
Telangana,August,2025-08-01,577721,8.46,48.493736250078335,-73.56318845863389,146.4374672203365
Telangana,September,2025-09-01,277037,2.69,20.55495579610772,-91.5939689070597,97.0989434624256
Telangana,October,2025-10-01,716412,14.4,43.40452675095479,-55.00117184448322,201.00165826368067
Telangana,November,2025-11-01,113399,1.74,24.191431321597467,-94.56264159787506,153.44050653003995
Telangana,December,2025-12-01,3465022,41.93,97.52158950901392,31.02783781672353,121.00933269687754
Tripura,January,2025-01-01,952505,13.99,86.58677071018768,-67.53558168316832,146.8758694180083
Tripura,February,2025-02-01,178368,2.53,27.34332942980408,-94.12902227722772,141.84158593469678
Tripura,March,2025-03-01,3089055,16.39,95.75349910395109,-61.96627475247525,53.05829776420297
Tripura,April,2025-04-01,850884,19.56,70.0501739594781,-54.61014851485149,229.87857334254727
Tripura,May,2025-05-01,1639748,37.5,88.15161873941474,-12.979579207920796,228.69367732114932
Tripura,June,2025-06-01,674102,12.76,51.55803726595439,-70.38985148514853,189.28886132959107
Tripura,July,2025-07-01,3714071,60.82,82.29848878262007,41.1355198019802,163.7556201806589
Tripura,August,2025-08-01,4533445,77.33,90.39394180680992,79.4477103960396,170.57668064793992
Tripura,September,2025-09-01,4937545,90.13,87.07093112128025,109.1506806930693,182.5401084952137
Tripura,October,2025-10-01,4658543,62.79,89.50714421466839,45.70699257425742,134.78463116042934
Tripura,November,2025-11-01,3332598,78.81,86.27397145228966,82.88211633663367,236.48216796625331
Tripura,December,2025-12-01,2286934,44.51,85.7711128749008,3.287438118811876,194.62739195796644
Uttar Pradesh,January,2025-01-01,3671371,79.2,83.55775124725481,129.92065028062706,215.7232270996312
Uttar Pradesh,February,2025-02-01,1390934,33.22,80.83526376475064,-3.5610605767369843,238.83232417929247
Uttar Pradesh,March,2025-03-01,1614746,37.38,83.4855744840395,8.515579640023235,231.49151631278232
Uttar Pradesh,April,2025-04-01,520767,12.3,76.85776766359115,-64.29262628217533,236.1900811687377
Uttar Pradesh,May,2025-05-01,3672649,62.78,86.04504664831775,82.25275788658797,170.93928660212288
Uttar Pradesh,June,2025-06-01,694280,15.44,51.4153672630862,-55.17708534933231,222.3886616350752
Uttar Pradesh,July,2025-07-01,2095014,49.16,81.97274446720279,42.71337333075285,234.65236986483143
Uttar Pradesh,August,2025-08-01,1621945,14.54,93.77963882077168,-57.78982001161216,89.64545653520928
Uttar Pradesh,September,2025-09-01,1010399,20.65,79.8712162526669,-40.0522546932456,204.37470741756476
Uttar Pradesh,October,2025-10-01,4935476,55.72,96.88333316183856,61.75730598025934,112.89691207089244
Uttar Pradesh,November,2025-11-01,1701427,16.17,94.392940108709,-53.05786723437197,95.03787115168622
Uttar Pradesh,December,2025-12-01,1413473,16.8,95.91402303454085,-51.22895297077608,118.85617907098332
Uttarakhand,January,2025-01-01,3417618,48.01,84.00827319890931,16.531483241974964,140.47795862498384
Uttarakhand,February,2025-02-01,1204709,16.73,70.02109196948034,-59.39238253200914,138.8717109277012
Uttarakhand,March,2025-03-01,4300031,102.24,95.54222652203936,148.16035923056697,237.7657277354512
Uttarakhand,April,2025-04-01,707706,10.61,81.38211737931638,-74.24705192257125,149.9210123978036
Uttarakhand,May,2025-05-01,2823051,57.34,93.04196362981972,39.17757236190055,203.11358172417005
Uttarakhand,June,2025-06-01,3048970,32.52,91.8849614900672,-21.066364610934677,106.65897007841994
Uttarakhand,July,2025-07-01,500062,5.4,36.371676790064086,-86.89293877303344,107.98660966040212
Uttarakhand,August,2025-08-01,4418512,33.34,88.72414098159385,-19.076033091284195,75.4552663883226
Uttarakhand,September,2025-09-01,3282089,72.57,92.32158977881195,76.14433948906733,221.1091777218716
Uttarakhand,October,2025-10-01,4098687,37.43,91.93011361213988,-9.148647828637303,91.3219282174999
Uttarakhand,November,2025-11-01,4229494,61.68,92.5429470269778,49.71176601468478,145.8330476411599
Uttarakhand,December,2025-12-01,712202,16.52,40.24100642224083,-59.90210157972451,231.95666398016292
West Bengal,January,2025-01-01,2180400,20.89,73.24511429907955,-42.60594821072876,95.80810860392587
West Bengal,February,2025-02-01,4596741,40.69,86.40578374866027,11.793392403324397,88.51923569328792
West Bengal,March,2025-03-01,1163092,27.66,88.44668161311728,-24.005769627034827,237.81437753849224
West Bengal,April,2025-04-01,244255,1.77,41.60473089578684,-95.13702864207706,72.46525147898713
West Bengal,May,2025-05-01,2940471,51.5,87.03186741563582,41.49323442544131,175.14200956241365
West Bengal,June,2025-06-01,213437,1.72,10.905362908428405,-95.2744007143348,80.58584031822036
West Bengal,July,2025-07-01,559870,13.99,47.53519410244883,-61.563294182292736,249.879436297712
West Bengal,August,2025-08-01,1752005,30.1,83.12687795293844,-17.302012500858574,171.803162662207
West Bengal,September,2025-09-01,4671412,116.15,88.91666378798679,219.11532385466032,248.6400257566663
West Bengal,October,2025-10-01,4974180,52.09,98.52480103701318,43.11422487808229,104.7207780980986
West Bengal,November,2025-11-01,4207826,67.34,84.95901730076082,85.01270691668384,160.03513453265415
West Bengal,December,2025-12-01,693725,12.87,40.179696161686806,-64.64042860086545,185.5201989260874
